model,n,log_loss,brier,rps,exact_nll,ece_home,accuracy
dixon_coles,1929,0.8577795362417511,0.5038506457975529,0.33052627679739727,2.843350300519208,0.02004414421519827,0.60082944530845
negative_binomial,1929,0.8577973780150965,0.5038622609133682,0.33053033768397083,2.8431819078776996,0.020417538992157497,0.60082944530845
logreg,1929,0.9950993640878575,0.5940294182702679,0.41488398144805927,,0.031046386781307993,0.5235873509590462
gbm,1929,1.0228232238741277,0.608739323665388,0.4250969955565412,,0.04008841161670432,0.505443234836703
baseline_uniform,1929,1.0986122886681093,0.6666666666666666,0.4767582512528081,,0.13996889580093314,0.47330222913426645
